Time,Coefficient
0.10,0.5667
0.20,0.5667
0.30,0.5667
0.40,0.5667
0.50,0.5667
0.60,0.5667
0.70,0.5667
0.80,0.5667
0.90,0.5667
1.00,0.5667
1.10,0.5667
1.20,0.5667
1.30,0.5667
1.40,0.5667
1.50,0.5667
1.60,0.5667
1.70,0.5667
1.80,0.5667
1.90,0.5667
2.00,0.5667
2.10,0.5667
2.20,0.5667
2.30,0.5667
2.40,0.5667
2.50,0.5667
2.60,0.5667
2.70,0.5667
2.80,0.5667
2.90,0.5667
3.00,0.5667
3.10,0.5667
3.20,0.5667
3.30,0.5667
3.40,0.5667
3.50,0.5667
3.60,0.5667
3.70,0.5667
3.80,0.5667
3.90,0.5667
4.00,0.5667
4.10,0.5667
4.20,0.5667
4.30,0.5667
4.40,0.5667
4.50,0.5667
4.60,0.5667
4.70,0.5667
4.80,0.5667
4.90,0.5667
5.00,0.5667
5.10,0.5667
5.20,0.5667
5.30,0.5667
5.40,0.5667
5.50,0.5667
5.60,0.5667
5.70,0.5667
5.80,0.5667
5.90,0.5667
6.00,0.5667
6.10,0.5667
6.20,0.5667
6.30,0.5667
6.40,0.5667
6.50,0.5667
6.60,0.5667
6.70,0.5667
6.80,0.5667
6.90,0.5667
7.00,0.5667
7.10,0.5667
7.20,0.5667
7.30,0.5667
7.40,0.5667
7.50,0.5667
7.60,0.5667
7.70,0.5667
7.80,0.5667
7.90,0.5667
8.00,0.5667
8.10,0.5667
8.20,0.5667
8.30,0.5667
8.40,0.5667
8.50,0.5667
8.60,0.5667
8.70,0.5667
8.80,0.5667
8.90,0.5667
9.00,0.5667
9.10,0.5667
9.20,0.5667
9.30,0.5667
9.40,0.5667
9.50,0.5667
9.60,0.5667
9.70,0.5667
9.80,0.5667
9.90,0.5667
10.00,0.5667
10.10,0.5667
10.20,0.5667
10.30,0.5667
10.40,0.5667
10.50,0.5667
10.60,0.5667
10.70,0.5667
10.80,0.5667
10.90,0.5667
11.00,0.5667
11.10,0.5667
11.20,0.5667
11.30,0.5667
11.40,0.5667
11.50,0.5667
11.60,0.5667
11.70,0.5667
11.80,0.5667
11.90,0.5667
12.00,0.5667
12.10,0.5667
12.20,0.5667
12.30,0.5667
12.40,0.5667
12.50,0.5667
12.60,0.5667
12.70,0.5667
12.80,0.5667
12.90,0.5667
13.00,0.5667
13.10,0.5667
13.20,0.5667
13.30,0.5667
13.40,0.5667
13.50,0.5667
13.60,0.5667
13.70,0.5667
13.80,0.5667
13.90,0.5667
14.00,0.5667
14.10,0.5667
14.20,0.5667
14.30,0.5667
14.40,0.5667
14.50,0.5667
14.60,0.5667
14.70,0.5667
14.80,0.5667
14.90,0.5667
15.00,0.5667
15.10,0.5667
15.20,0.5667
15.30,0.5667
15.40,0.5667
15.50,0.5667
15.60,0.5667
15.70,0.5667
15.80,0.5667
15.90,0.5667
16.00,0.5667
16.10,0.5667
16.20,0.5667
16.30,0.5667
16.40,0.5667
16.50,0.5667
16.60,0.5667
16.70,0.5667
16.80,0.5667
16.90,0.5667
17.00,0.5667
17.10,0.5667
17.20,0.5667
17.30,0.5667
17.40,0.5667
17.50,0.5667
17.60,0.5667
17.70,0.5667
17.80,0.5667
17.90,0.5667
18.00,0.5667
18.10,0.5667
18.20,0.5667
18.30,0.5667
18.40,0.5667
18.50,0.5667
18.60,0.5667
18.70,0.5667
18.80,0.5667
18.90,0.5667
19.00,0.5667
19.10,0.5667
19.20,0.5667
19.30,0.5667
19.40,0.5667
19.50,0.5667
19.60,0.5667
19.70,0.5667
19.80,0.5667
19.90,0.5667
20.00,0.5667
20.10,0.5667
20.20,0.5667
20.30,0.5667
20.40,0.5667
20.50,0.5667
20.60,0.5667
20.70,0.5667
20.80,0.5667
20.90,0.5667
21.00,0.5667
21.10,0.5667
21.20,0.5667
21.30,0.5667
21.40,0.5667
21.50,0.5667
21.60,0.5667
21.70,0.5667
21.80,0.5667
21.90,0.5667
22.00,0.5667
22.10,0.5667
22.20,0.5667
22.30,0.5667
22.40,0.5667
22.50,0.5667
22.60,0.5667
22.70,0.5667
22.80,0.5667
22.90,0.5667
23.00,0.5667
23.10,0.5667
23.20,0.5667
23.30,0.5667
23.40,0.5667
23.50,0.5667
23.60,0.5667
23.70,0.5667
23.80,0.5667
23.90,0.5667
24.00,0.5667
24.10,0.5667
24.20,0.5667
24.30,0.5667
24.40,0.5667
24.50,0.5667
24.60,0.5667
24.70,0.5667
24.80,0.5667
24.90,0.5667
25.00,0.5667
25.10,0.5667
25.20,0.5667
25.30,0.5667
25.40,0.5667
25.50,0.5667
25.60,0.5667
25.70,0.5667
25.80,0.5667
25.90,0.5667
26.00,0.5667
26.10,0.5667
26.20,0.5667
26.30,0.5667
26.40,0.5667
26.50,0.5667
26.60,0.5667
26.70,0.5667
26.80,0.5667
26.90,0.5667
27.00,0.5667
27.10,0.5667
27.20,0.5667
27.30,0.5667
27.40,0.5667
27.50,0.5667
27.60,0.5667
27.70,0.5667
27.80,0.5667
27.90,0.5667
28.00,0.5667
28.10,0.5667
28.20,0.5667
28.30,0.5667
28.40,0.5667
28.50,0.5667
28.60,0.5667
28.70,0.5667
28.80,0.5667
28.90,0.5667
29.00,0.5667
29.10,0.5667
29.20,0.5667
29.30,0.5667
29.40,0.5667
29.50,0.5667
29.60,0.5667
29.70,0.5667
29.80,0.5667
29.90,0.5667
30.00,0.5667
30.10,0.5667
30.20,0.5667
30.30,0.5667
30.40,0.5667
30.50,0.5667
30.60,0.5667
30.70,0.5667
30.80,0.5667
30.90,0.5667
31.00,0.5667
31.10,0.5667
31.20,0.5667
31.30,0.5667
31.40,0.5667
31.50,0.5667
31.60,0.5667
31.70,0.5667
31.80,0.5667
31.90,0.5667
32.00,0.5667
32.10,0.5667
32.20,0.5667
32.30,0.5667
32.40,0.5667
32.50,0.5667
32.60,0.5667
32.70,0.5667
32.80,0.5667
32.90,0.5667
33.00,0.5667
33.10,0.5667
33.20,0.5667
33.30,0.5667
33.40,0.5667
33.50,0.5667
33.60,0.5667
33.70,0.5667
33.80,0.5667
33.90,0.5667
34.00,0.5667
34.10,0.5667
34.20,0.5667
34.30,0.5667
34.40,0.5667
34.50,0.5667
34.60,0.5667
34.70,0.5667
34.80,0.5667
34.90,0.5667
35.00,0.5667
35.10,0.5667
35.20,0.5667
35.30,0.5667
35.40,0.5667
35.50,0.5667
35.60,0.5667
35.70,0.5667
35.80,0.5667
35.90,0.5667
36.00,0.5667
36.10,0.5667
36.20,0.5667
36.30,0.5667
36.40,0.5667
36.50,0.5667
36.60,0.5667
36.70,0.5667
36.80,0.5667
36.90,0.5667
37.00,0.5667
37.10,0.5667
37.20,0.5667
37.30,0.5667
37.40,0.5667
37.50,0.5667
37.60,0.5667
37.70,0.5667
37.80,0.5667
37.90,0.5667
38.00,0.5667
38.10,0.5667
38.20,0.5667
38.30,0.5667
38.40,0.5667
38.50,0.5667
38.60,0.5667
38.70,0.5667
38.80,0.5667
38.90,0.5667
39.00,0.5667
39.10,0.5667
39.20,0.5667
39.30,0.5667
39.40,0.5667
39.50,0.5667
39.60,0.5667
39.70,0.5667
39.80,0.5667
39.90,0.5667
40.00,0.5667
40.10,0.5667
40.20,0.5667
40.30,0.5667
40.40,0.5667
40.50,0.5667
40.60,0.5667
40.70,0.5667
40.80,0.5667
40.90,0.5667
41.00,0.5667
41.10,0.5667
41.20,0.5667
41.30,0.5667
41.40,0.5667
41.50,0.5667
41.60,0.5667
41.70,0.5667
41.80,0.5667
41.90,0.5667
42.00,0.5667
42.10,0.5667
42.20,0.5667
42.30,0.5667
42.40,0.5667
42.50,0.5667
42.60,0.5667
42.70,0.5667
42.80,0.5667
42.90,0.5667
43.00,0.5667
43.10,0.5667
43.20,0.5667
43.30,0.5667
43.40,0.5667
43.50,0.5667
43.60,0.5667
43.70,0.5667
43.80,0.5667
43.90,0.5667
44.00,0.5667
44.10,0.5667
44.20,0.5667
44.30,0.5667
44.40,0.5667
44.50,0.5667
44.60,0.5667
44.70,0.5667
44.80,0.5667
44.90,0.5667
45.00,0.5667
45.10,0.5667
45.20,0.5667
45.30,0.5667
45.40,0.5667
45.50,0.5667
45.60,0.5667
45.70,0.5667
45.80,0.5667
45.90,0.5667
46.00,0.5667
46.10,0.5667
46.20,0.5667
46.30,0.5667
46.40,0.5667
46.50,0.5667
46.60,0.5667
46.70,0.5667
46.80,0.5667
46.90,0.5667
47.00,0.5667
47.10,0.5667
47.20,0.5667
47.30,0.5667
47.40,0.5667
47.50,0.5667
47.60,0.5667
47.70,0.5667
47.80,0.5667
47.90,0.5667
48.00,0.5667
48.10,0.5667
48.20,0.5667
48.30,0.5667
48.40,0.5667
48.50,0.5667
48.60,0.5667
48.70,0.5667
48.80,0.5667
48.90,0.5667
49.00,0.5667
49.10,0.5667
49.20,0.5667
49.30,0.5667
49.40,0.5667
49.50,0.5667
49.60,0.5667
49.70,0.5667
49.80,0.5667
49.90,0.5667
50.00,0.5667
50.10,0.5667
50.20,0.5667
50.30,0.5667
50.40,0.5667
50.50,0.5667
50.60,0.5667
50.70,0.5667
50.80,0.5667
50.90,0.5667
51.00,0.5667
51.10,0.5667
51.20,0.5667
51.30,0.5667
51.40,0.5667
51.50,0.5667
51.60,0.5667
51.70,0.5667
51.80,0.5667
51.90,0.5667
52.00,0.5667
52.10,0.5667
52.20,0.5667
52.30,0.5667
52.40,0.5667
52.50,0.5667
52.60,0.5667
52.70,0.5667
52.80,0.5667
52.90,0.5667
53.00,0.5667
53.10,0.5667
53.20,0.5667
53.30,0.5667
53.40,0.5667
53.50,0.5667
53.60,0.5667
53.70,0.5667
53.80,0.5667
53.90,0.5667
54.00,0.5667
54.10,0.5667
54.20,0.5667
54.30,0.5667
54.40,0.5667
54.50,0.5667
54.60,0.5667
54.70,0.5667
54.80,0.5667
54.90,0.5667
55.00,0.5667
55.10,0.5667
55.20,0.5667
55.30,0.5667
55.40,0.5667
55.50,0.5667
55.60,0.5667
55.70,0.5667
55.80,0.5667
55.90,0.5667
56.00,0.5667
56.10,0.5667
56.20,0.5667
56.30,0.5667
56.40,0.5667
56.50,0.5667
56.60,0.5667
56.70,0.5667
56.80,0.5667
56.90,0.5667
57.00,0.5667
57.10,0.5667
57.20,0.5667
57.30,0.5667
57.40,0.5667
57.50,0.5667
57.60,0.5667
57.70,0.5667
57.80,0.5667
57.90,0.5667
58.00,0.5667
58.10,0.5667
58.20,0.5667
58.30,0.5667
58.40,0.5667
58.50,0.5667
58.60,0.5667
58.70,0.5667
58.80,0.5667
58.90,0.3833
59.00,0.3833
59.10,0.3833
59.20,0.3833
59.30,0.3833
59.40,0.3833
59.50,0.3833
59.60,0.3833
59.70,0.3833
59.80,0.3833
59.90,0.3833
60.00,0.3833
60.10,0.3833
60.20,0.3833
60.30,0.3833
60.40,0.3833
60.50,0.3833
60.60,0.3833
60.70,0.3833
60.80,0.3833
60.90,0.3833
61.00,0.3833
61.10,0.3833
61.20,0.3833
61.30,0.3833
61.40,0.3833
61.50,0.3833
61.60,0.3833
61.70,0.3833
61.80,0.3833
61.90,0.3833
62.00,0.3833
62.10,0.3833
62.20,0.3833
62.30,0.3833
62.40,0.3833
62.50,0.3833
62.60,0.3833
62.70,0.3833
62.80,0.3833
62.90,0.3833
63.00,0.3833
63.10,0.3833
63.20,0.3833
63.30,0.3833
63.40,0.3833
63.50,0.3833
63.60,0.3833
63.70,0.3833
63.80,0.3833
63.90,0.3833
64.00,0.3833
64.10,0.3833
64.20,0.3833
64.30,0.3833
64.40,0.3833
64.50,0.3833
64.60,0.3833
64.70,0.3833
64.80,0.3833
64.90,0.3833
65.00,0.3833
65.10,0.3833
65.20,0.3833
65.30,0.3833
65.40,0.3833
65.50,0.3833
65.60,0.3833
65.70,0.3833
65.80,0.3833
65.90,0.3833
66.00,0.3833
66.10,0.3833
66.20,0.3833
66.30,0.3833
66.40,0.3833
66.50,0.3833
66.60,0.3833
66.70,0.3833
66.80,0.3833
66.90,0.3833
67.00,0.3833
67.10,0.3833
67.20,0.3833
67.30,0.3833
67.40,0.3833
67.50,0.3833
67.60,0.3833
67.70,0.3833
67.80,0.3833
67.90,0.3833
68.00,0.3833
68.10,0.3833
68.20,0.3833
68.30,0.3833
68.40,0.3833
68.50,0.3833
68.60,0.3833
68.70,0.3833
68.80,0.3833
68.90,0.3833
69.00,0.3833
69.10,0.3833
69.20,0.3833
69.30,0.3833
69.40,0.3833
69.50,0.3833
69.60,0.3833
69.70,0.3833
69.80,0.3833
69.90,0.3833
70.00,0.3833
70.10,0.3833
70.20,0.3833
70.30,0.3833
70.40,0.3833
70.50,0.3833
70.60,0.3833
70.70,0.3833
70.80,0.3833
70.90,0.3833
71.00,0.3833
71.10,0.3833
71.20,0.3833
71.30,0.3833
71.40,0.3833
71.50,0.3833
71.60,0.3833
71.70,0.3833
71.80,0.3833
71.90,0.3833
72.00,0.3833
72.10,0.3833
72.20,0.3833
72.30,0.3833
72.40,0.3833
72.50,0.3833
72.60,0.3833
72.70,0.3833
72.80,0.3833
72.90,0.3833
73.00,0.3833
73.10,0.3833
73.20,0.3833
73.30,0.3833
73.40,0.3833
73.50,0.3833
73.60,0.3833
73.70,0.3833
73.80,0.3833
73.90,0.3833
74.00,0.3833
74.10,0.3833
74.20,0.3833
74.30,0.3833
74.40,0.3833
74.50,0.3833
74.60,0.3833
74.70,0.3833
74.80,0.3833
74.90,0.3833
75.00,0.3833
75.10,0.3833
75.20,0.3833
75.30,0.3833
75.40,0.3833
75.50,0.3833
75.60,0.3833
75.70,0.3833
75.80,0.3833
75.90,0.3833
76.00,0.3833
76.10,0.3833
76.20,0.3833
76.30,0.3833
76.40,0.3833
76.50,0.3833
76.60,0.3833
76.70,0.3833
76.80,0.3833
76.90,0.3833
77.00,0.3833
77.10,0.3833
77.20,0.3833
77.30,0.3833
77.40,0.3833
77.50,0.3833
77.60,0.3833
77.70,0.3833
77.80,0.3833
77.90,0.3833
78.00,0.3833
78.10,0.3833
78.20,0.3833
78.30,0.3833
78.40,0.3833
78.50,0.3833
78.60,0.3833
78.70,0.3833
78.80,0.3833
78.90,0.3833
79.00,0.3833
79.10,0.3833
79.20,0.3833
79.30,0.3833
79.40,0.3833
79.50,0.3833
79.60,0.3833
79.70,0.3833
79.80,0.3833
79.90,0.3833
80.00,0.3833
80.10,0.3833
80.20,0.3833
80.30,0.3833
80.40,0.3833
80.50,0.3833
80.60,0.3833
80.70,0.3833
80.80,0.3833
80.90,0.3833
81.00,0.3833
81.10,0.3833
81.20,0.3833
81.30,0.3833
81.40,0.3833
81.50,0.3833
81.60,0.3833
81.70,0.3833
81.80,0.3833
81.90,0.3833
82.00,0.3833
82.10,0.3833
82.20,0.3833
82.30,0.3833
82.40,0.3833
82.50,0.3833
82.60,0.3833
82.70,0.3833
82.80,0.3833
82.90,0.3833
83.00,0.3833
83.10,0.3833
83.20,0.3833
83.30,0.3833
83.40,0.3833
83.50,0.3833
83.60,0.3833
83.70,0.3833
83.80,0.3833
83.90,0.3833
84.00,0.3833
84.10,0.3833
84.20,0.3833
84.30,0.3833
84.40,0.3833
84.50,0.3833
84.60,0.3833
84.70,0.3833
84.80,0.3833
84.90,0.3833
85.00,0.3833
85.10,0.3833
85.20,0.3833
85.30,0.3833
85.40,0.3833
85.50,0.3833
85.60,0.3833
85.70,0.3833
85.80,0.3833
85.90,0.3833
86.00,0.3833
86.10,0.3833
86.20,0.3833
86.30,0.3833
86.40,0.3833
86.50,0.3833
86.60,0.3833
86.70,0.3833
86.80,0.3833
86.90,0.3833
87.00,0.3833
87.10,0.3833
87.20,0.3833
87.30,0.3833
87.40,0.3833
87.50,0.3833
87.60,0.3833
87.70,0.3833
87.80,0.3833
87.90,0.3833
88.00,0.3833
88.10,0.3833
88.20,0.3833
88.30,0.3833
88.40,0.3833
88.50,0.3833
88.60,0.3833
88.70,0.3833
88.80,0.3833
88.90,0.3833
89.00,0.3833
89.10,0.3833
89.20,0.3833
89.30,0.3833
89.40,0.3833
89.50,0.3833
89.60,0.3833
89.70,0.3833
89.80,0.3833
89.90,0.3833
90.00,0.3833
90.10,0.3833
90.20,0.3833
90.30,0.3833
90.40,0.3833
90.50,0.3833
90.60,0.3833
90.70,0.3833
90.80,0.3833
90.90,0.3833
91.00,0.3833
91.10,0.3833
91.20,0.3833
91.30,0.3833
91.40,0.3833
91.50,0.3833
91.60,0.3833
91.70,0.3833
91.80,0.3833
91.90,0.3833
92.00,0.3833
92.10,0.3833
92.20,0.3833
92.30,0.3833
92.40,0.3833
92.50,0.3833
92.60,0.3833
92.70,0.3833
92.80,0.3833
92.90,0.3833
93.00,0.3833
93.10,0.3833
93.20,0.3833
93.30,0.3833
93.40,0.3833
93.50,0.3833
93.60,0.3833
93.70,0.3833
93.80,0.3833
93.90,0.3833
94.00,0.3833
94.10,0.3833
94.20,0.3833
94.30,0.3833
94.40,0.3833
94.50,0.3833
94.60,0.3833
94.70,0.3833
94.80,0.3833
94.90,0.3833
95.00,0.3833
95.10,0.3833
95.20,0.3833
95.30,0.3833
95.40,0.3833
95.50,0.3833
95.60,0.3833
95.70,0.3833
95.80,0.3833
95.90,0.3833
96.00,0.3833
96.10,0.3833
96.20,0.3833
96.30,0.3833
96.40,0.3833
96.50,0.3833
96.60,0.3833
96.70,0.3833
96.80,0.3833
96.90,0.3833
97.00,0.3833
97.10,0.3833
97.20,0.3833
97.30,0.3833
97.40,0.3833
97.50,0.3833
97.60,0.3833
97.70,0.3833
97.80,0.3833
97.90,0.3833
98.00,0.3833
98.10,0.3833
98.20,0.3833
98.30,0.3833
98.40,0.3833
98.50,0.3833
98.60,0.3833
98.70,0.3833
98.80,0.3833
98.90,0.3833
99.00,0.3833
99.10,0.3833
99.20,0.3833
99.30,0.3833
99.40,0.3833
99.50,0.3833
99.60,0.3833
99.70,0.3833
99.80,0.3833
99.90,0.3833
100.00,0.3833
100.10,0.3833
100.20,0.3833
100.30,0.3833
100.40,0.3833
100.50,0.3833
100.60,0.3833
100.70,0.3833
100.80,0.3833
100.90,0.3833
101.00,0.3833
101.10,0.3833
101.20,0.3833
101.30,0.3833
101.40,0.3833
101.50,0.3833
101.60,0.3833
101.70,0.3833
101.80,0.3833
101.90,0.3833
102.00,0.3833
102.10,0.3833
102.20,0.3833
102.30,0.3833
102.40,0.3833
102.50,0.3833
102.60,0.3833
102.70,0.3833
102.80,0.3833
102.90,0.3833
103.00,0.3833
103.10,0.3833
103.20,0.3833
103.30,0.3833
103.40,0.3833
103.50,0.3833
103.60,0.3833
103.70,0.3833
103.80,0.3833
103.90,0.3833
104.00,0.3833
104.10,0.3833
104.20,0.3833
104.30,0.3833
104.40,0.3833
104.50,0.3833
104.60,0.3833
104.70,0.3833
104.80,0.3833
104.90,0.3833
105.00,0.3833
105.10,0.3833
105.20,0.3833
105.30,0.3833
105.40,0.3833
105.50,0.3833
105.60,0.3833
105.70,0.3833
105.80,0.3833
105.90,0.3833
106.00,0.3833
106.10,0.3833
106.20,0.3833
106.30,0.3833
106.40,0.3833
106.50,0.3833
106.60,0.3833
106.70,0.3833
106.80,0.3833
106.90,0.3833
107.00,0.3833
107.10,0.3833
107.20,0.3833
107.30,0.3833
107.40,0.3833
107.50,0.3833
107.60,0.3833
107.70,0.3833
107.80,0.3833
107.90,0.3833
108.00,0.3833
108.10,0.3833
108.20,0.3833
108.30,0.3833
108.40,0.3833
108.50,0.3833
108.60,0.3833
108.70,0.3833
108.80,0.3833
108.90,0.3833
109.00,0.3833
109.10,0.3833
109.20,0.3833
109.30,0.3833
109.40,0.3833
109.50,0.3833
109.60,0.3833
109.70,0.3833
109.80,0.3833
109.90,0.3833
110.00,0.3833
110.10,0.3833
110.20,0.3833
110.30,0.3833
110.40,0.3833
110.50,0.3833
110.60,0.3833
110.70,0.3833
110.80,0.3833
110.90,0.3833
111.00,0.3833
111.10,0.3833
111.20,0.3833
111.30,0.3833
111.40,0.3027
111.50,0.3038
111.60,0.3037
111.70,0.3012
111.80,0.4894
111.90,0.3008
112.00,0.5764
112.10,0.5765
112.20,0.4120
112.30,0.6311
112.40,0.6641
112.50,0.4890
112.60,0.6969
112.70,0.5768
112.80,0.7191
112.90,0.7301
113.00,0.6316
113.10,0.7411
113.20,0.7521
113.30,0.6645
113.40,0.7631
113.50,0.6863
113.60,0.7628
113.70,0.7737
113.80,0.6969
113.90,0.7737
114.00,0.7736
114.10,0.7075
114.20,0.7842
114.30,0.7183
114.40,0.7838
114.50,0.7838
114.60,0.7065
114.70,0.8170
114.80,0.7840
114.90,0.7185
115.00,0.7846
115.10,0.7188
115.20,0.7848
115.30,0.7849
115.40,0.7302
115.50,0.7958
115.60,0.7960
115.70,0.7410
115.80,0.7953
115.90,0.7514
116.00,0.7953
116.10,0.7953
116.20,0.7510
116.30,0.7952
116.40,0.7951
116.50,0.7510
116.60,0.8061
116.70,0.7514
116.80,0.8061
116.90,0.8062
117.00,0.7510
117.10,0.8062
117.20,0.8058
117.30,0.7499
117.40,0.8046
117.50,0.7497
117.60,0.7922
117.70,0.7934
117.80,0.7510
117.90,0.7930
118.00,0.7930
118.10,0.7384
118.20,0.7924
118.30,0.7386
118.40,0.7930
118.50,0.7928
118.60,0.7395
118.70,0.7944
118.80,0.7942
118.90,0.7409
119.00,0.7960
119.10,0.7529
119.20,0.8070
119.30,0.8073
119.40,0.7635
119.50,0.8071
119.60,0.8066
119.70,0.7737
119.80,0.8063
119.90,0.7732
120.00,0.8063
120.10,0.8058
120.20,0.7707
120.30,0.8060
120.40,0.8060
120.50,0.7722
120.60,0.8060
120.70,0.7728
120.80,0.8062
120.90,0.8062
121.00,0.7734
121.10,0.8061
121.20,0.8062
121.30,0.7735
121.40,0.8173
121.50,0.7735
121.60,0.8174
121.70,0.8175
121.80,0.7735
121.90,0.8176
122.00,0.8174
122.10,0.7845
122.20,0.8175
122.30,0.7846
122.40,0.8175
122.50,0.8174
122.60,0.7845
122.70,0.8175
122.80,0.8176
122.90,0.7846
123.00,0.8176
123.10,0.7842
123.20,0.8178
123.30,0.8180
123.40,0.7960
123.50,0.8178
123.60,0.8180
123.70,0.7963
123.80,0.8291
123.90,0.7961
124.00,0.8288
124.10,0.8288
124.20,0.8070
124.30,0.8286
124.40,0.8282
124.50,0.8064
124.60,0.8281
124.70,0.8061
124.80,0.8281
124.90,0.8281
125.00,0.8060
125.10,0.8281
125.20,0.8281
125.30,0.8060
125.40,0.8282
125.50,0.8061
125.60,0.8282
125.70,0.8280
125.80,0.8063
125.90,0.8282
126.00,0.8283
126.10,0.8063
126.20,0.8285
126.30,0.8067
126.40,0.8285
126.50,0.8287
126.60,0.8067
126.70,0.8285
126.80,0.8285
126.90,0.8065
127.00,0.8281
127.10,0.8280
127.20,0.8274
127.30,0.8280
127.40,0.8048
127.50,0.8263
127.60,0.8259
127.70,0.8040
127.80,0.8255
127.90,0.8034
128.00,0.8251
128.10,0.8232
128.20,0.8022
128.30,0.8236
128.40,0.8232
128.50,0.8012
128.60,0.8224
128.70,0.8002
128.80,0.8217
128.90,0.8230
129.00,0.7919
129.10,0.8236
129.20,0.8265
129.30,0.7952
129.40,0.8274
129.50,0.7928
129.60,0.8263
129.70,0.8285
129.80,0.7922
129.90,0.8232
130.00,0.8251
130.10,0.7953
130.20,0.8281
130.30,0.7950
130.40,0.8283
130.50,0.8286
130.60,0.7959
130.70,0.8289
130.80,0.8288
130.90,0.8072
131.00,0.8288
131.10,0.8072
131.20,0.8290
131.30,0.8290
131.40,0.8070
131.50,0.8288
131.60,0.8289
131.70,0.8068
131.80,0.8285
131.90,0.8283
132.00,0.8064
132.10,0.8282
132.20,0.8061
132.30,0.8282
132.40,0.8390
132.50,0.8061
132.60,0.8280
132.70,0.8278
132.80,0.8060
132.90,0.8281
133.00,0.8061
133.10,0.8276
133.20,0.8280
133.30,0.8061
133.40,0.8280
133.50,0.8280
133.60,0.8062
133.70,0.8282
133.80,0.8060
133.90,0.8282
134.00,0.8280
134.10,0.8060
134.20,0.8280
134.30,0.8278
134.40,0.8052
134.50,0.8265
134.60,0.8050
134.70,0.8265
134.80,0.8267
134.90,0.8046
135.00,0.8265
135.10,0.8253
135.20,0.8030
135.30,0.8244
135.40,0.8020
135.50,0.8232
135.60,0.8222
135.70,0.7996
135.80,0.8199
135.90,0.8185
136.00,0.7974
136.10,0.8176
136.20,0.7864
136.30,0.8178
136.40,0.8077
136.50,0.7849
136.60,0.8065
136.70,0.8077
136.80,0.7736
136.90,0.8037
137.00,0.7576
137.10,0.7886
137.20,0.7877
137.30,0.7353
137.40,0.7789
137.50,0.7717
137.60,0.7069
137.70,0.7617
137.80,0.6776
137.90,0.7515
138.00,0.7320
138.10,0.6028
138.20,0.7011
138.30,0.6913
138.40,0.5288
138.50,0.6613
138.60,0.4863
138.70,0.6634
138.80,0.6972
138.90,0.5784
139.00,0.7315
139.10,0.7534
139.20,0.6663
139.30,0.7752
139.40,0.7099
139.50,0.7859
139.60,0.7860
139.70,0.7422
139.80,0.7968
139.90,0.7966
140.00,0.7529
140.10,0.8074
140.20,0.7633
140.30,0.8070
140.40,0.8066
140.50,0.7746
140.60,0.8064
140.70,0.8172
140.80,0.7740
140.90,0.8175
141.00,0.7737
141.10,0.8172
141.20,0.8176
141.30,0.7849
141.40,0.8180
141.50,0.8177
141.60,0.7849
141.70,0.8177
141.80,0.7856
141.90,0.8183
142.00,0.8181
142.10,0.7964
142.20,0.8294
142.30,0.8295
142.40,0.7966
142.50,0.8291
142.60,0.8076
142.70,0.8297
142.80,0.8291
142.90,0.8074
143.00,0.8294
143.10,0.8294
143.20,0.8073
143.30,0.8293
143.40,0.8072
143.50,0.8293
143.60,0.8291
143.70,0.8185
143.80,0.8290
143.90,0.8291
144.00,0.8183
144.10,0.8289
144.20,0.8181
144.30,0.8290
144.40,0.8289
144.50,0.8180
144.60,0.8398
144.70,0.8400
144.80,0.8179
144.90,0.8400
145.00,0.8177
145.10,0.8399
145.20,0.8400
145.30,0.8182
145.40,0.8400
145.50,0.8397
145.60,0.8180
145.70,0.8399
145.80,0.8183
145.90,0.8398
146.00,0.8399
146.10,0.8290
146.20,0.8399
146.30,0.8397
146.40,0.8287
146.50,0.8397
146.60,0.8287
146.70,0.8395
146.80,0.8391
146.90,0.8281
147.00,0.8393
147.10,0.8394
147.20,0.8285
147.30,0.8391
147.40,0.8390
147.50,0.8392
147.60,0.8391
147.70,0.8281
147.80,0.8445
147.90,0.8394
148.00,0.8281
148.10,0.8392
148.20,0.8274
148.30,0.8391
148.40,0.8391
148.50,0.8283
148.60,0.8445
148.70,0.8392
148.80,0.8281
148.90,0.8393
149.00,0.8274
149.10,0.8391
149.20,0.8392
149.30,0.8282
149.40,0.8391
149.50,0.8390
149.60,0.8281
149.70,0.8392
149.80,0.8270
149.90,0.8393
150.00,0.8373
150.10,0.8283
150.20,0.8391
150.30,0.8390
150.40,0.8390
150.50,0.8388
150.60,0.8390
150.70,0.8283
150.80,0.8392
150.90,0.8280
151.00,0.8382
151.10,0.8393
151.20,0.8280
151.30,0.8391
151.40,0.8394
151.50,0.8281
151.60,0.8392
151.70,0.8282
151.80,0.8392
151.90,0.8396
152.00,0.8285
152.10,0.8394
152.20,0.8394
152.30,0.8286
152.40,0.8396
152.50,0.8285
152.60,0.8394
152.70,0.8391
152.80,0.8283
152.90,0.8384
153.00,0.8393
153.10,0.8284
153.20,0.8390
153.30,0.8263
153.40,0.8375
153.50,0.8386
153.60,0.8242
153.70,0.8384
153.80,0.8322
153.90,0.8257
154.00,0.8358
154.10,0.8265
154.20,0.8369
154.30,0.8347
154.40,0.8268
154.50,0.8364
154.60,0.8382
154.70,0.8253
154.80,0.8369
154.90,0.8281
155.00,0.8345
155.10,0.8369
155.20,0.8251
155.30,0.8352
155.40,0.8360
155.50,0.8218
155.60,0.8297
155.70,0.8211
155.80,0.8341
155.90,0.8375
156.00,0.8228
156.10,0.8333
156.20,0.8341
156.30,0.8232
156.40,0.8335
156.50,0.8199
156.60,0.8337
156.70,0.8369
156.80,0.8115
156.90,0.8345
157.00,0.8337
157.10,0.8119
157.20,0.8356
157.30,0.8133
157.40,0.8349
157.50,0.8341
157.60,0.8129
157.70,0.8343
157.80,0.8343
157.90,0.8133
158.00,0.8341
158.10,0.8125
158.20,0.8377
158.30,0.8349
158.40,0.8133
158.50,0.8377
158.60,0.8360
158.70,0.8145
158.80,0.8391
158.90,0.8170
159.00,0.8391
159.10,0.8390
159.20,0.8170
159.30,0.8360
159.40,0.8393
159.50,0.8174
159.60,0.8393
159.70,0.8173
159.80,0.8390
159.90,0.8391
160.00,0.8174
160.10,0.8393
160.20,0.8393
160.30,0.8175
160.40,0.8395
160.50,0.8172
160.60,0.8393
160.70,0.8396
160.80,0.8175
160.90,0.8393
161.00,0.8396
161.10,0.8174
161.20,0.8393
161.30,0.8176
161.40,0.8393
161.50,0.8395
161.60,0.8176
161.70,0.8395
161.80,0.8394
161.90,0.8175
162.00,0.8393
162.10,0.8178
162.20,0.8394
162.30,0.8394
162.40,0.8286
162.50,0.8391
162.60,0.8396
162.70,0.8285
162.80,0.8400
162.90,0.8286
163.00,0.8394
163.10,0.8388
163.20,0.8288
163.30,0.8398
163.40,0.8395
163.50,0.8286
163.60,0.8394
163.70,0.8285
163.80,0.8394
163.90,0.8394
164.00,0.8285
164.10,0.8392
164.20,0.8397
164.30,0.8281
164.40,0.8394
164.50,0.8283
164.60,0.8394
164.70,0.8395
164.80,0.8276
164.90,0.8394
165.00,0.8392
165.10,0.8283
165.20,0.8395
165.30,0.8285
165.40,0.8384
165.50,0.8392
165.60,0.8285
165.70,0.8391
165.80,0.8393
165.90,0.8282
166.00,0.8392
166.10,0.8284
166.20,0.8388
166.30,0.8392
166.40,0.8281
166.50,0.8391
166.60,0.8393
166.70,0.8263
166.80,0.8390
166.90,0.8263
167.00,0.8393
167.10,0.8384
167.20,0.8268
167.30,0.8388
167.40,0.8394
167.50,0.8282
167.60,0.8391
167.70,0.8272
167.80,0.8390
167.90,0.8390
168.00,0.8259
168.10,0.8358
168.20,0.8445
168.30,0.8251
168.40,0.8350
168.50,0.8216
168.60,0.8341
168.70,0.8320
168.80,0.8216
168.90,0.8318
169.00,0.8312
169.10,0.8224
169.20,0.8316
169.30,0.8197
169.40,0.8314
169.50,0.8324
169.60,0.8228
169.70,0.8311
169.80,0.8320
169.90,0.8230
170.00,0.8324
170.10,0.8303
170.20,0.8113
170.30,0.8305
170.40,0.8089
170.50,0.8339
170.60,0.8326
170.70,0.8109
170.80,0.8318
170.90,0.8341
171.00,0.8101
171.10,0.8311
171.20,0.8133
171.30,0.8320
171.40,0.8354
171.50,0.8147
171.60,0.8234
171.70,0.8267
171.80,0.8135
171.90,0.8238
172.00,0.8160
172.10,0.8265
172.20,0.8278
172.30,0.8170
172.40,0.8272
172.50,0.8280
172.60,0.8170
172.70,0.8281
172.80,0.8174
172.90,0.8272
173.00,0.8263
173.10,0.8171
173.20,0.8280
173.30,0.8278
173.40,0.8170
173.50,0.8281
173.60,0.8170
173.70,0.8282
173.80,0.8281
173.90,0.8171
174.00,0.8281
174.10,0.8282
174.20,0.8170
174.30,0.8274
174.40,0.8170
174.50,0.8284
174.60,0.8281
174.70,0.8156
174.80,0.8280
174.90,0.8283
175.00,0.8175
175.10,0.8280
175.20,0.8335
175.30,0.8280
175.40,0.8282
175.50,0.8173
175.60,0.8276
175.70,0.8276
175.80,0.8172
175.90,0.8392
176.00,0.8170
176.10,0.8392
176.20,0.8391
176.30,0.8172
176.40,0.8394
176.50,0.8394
176.60,0.8176
176.70,0.8395
176.80,0.8174
176.90,0.8397
177.00,0.8396
177.10,0.8175
177.20,0.8394
177.30,0.8395
177.40,0.8178
177.50,0.8396
177.60,0.8178
177.70,0.8394
177.80,0.8398
177.90,0.8179
178.00,0.8398
178.10,0.8398
178.20,0.8178
178.30,0.8397
178.40,0.8289
178.50,0.8398
178.60,0.8397
178.70,0.8290
178.80,0.8396
178.90,0.8396
179.00,0.8289
179.10,0.8398
179.20,0.8290
179.30,0.8396
179.40,0.8398
179.50,0.8290
179.60,0.8398
179.70,0.8397
179.80,0.8286
179.90,0.8395
180.00,0.8287
180.10,0.8394
180.20,0.8394
180.30,0.8278
180.40,0.8371
180.50,0.8371
180.60,0.8261
180.70,0.8350
180.80,0.8226
180.90,0.8347
181.00,0.8379
181.10,0.8281
181.20,0.8388
181.30,0.8391
181.40,0.8285
181.50,0.8393
181.60,0.8281
181.70,0.8388
181.80,0.8392
181.90,0.8286
182.00,0.8392
182.10,0.8392
182.20,0.8281
182.30,0.8396
182.40,0.8284
182.50,0.8394
182.60,0.8393
182.70,0.8287
182.80,0.8396
182.90,0.8394
183.00,0.8285
183.10,0.8396
183.20,0.8286
183.30,0.8394
183.40,0.8397
183.50,0.8288
183.60,0.8395
183.70,0.8395
183.80,0.8283
183.90,0.8397
184.00,0.8286
184.10,0.8391
184.20,0.8397
184.30,0.8288
184.40,0.8395
184.50,0.8395
184.60,0.8285
184.70,0.8394
184.80,0.8287
184.90,0.8394
185.00,0.8393
185.10,0.8285
185.20,0.8393
185.30,0.8380
185.40,0.8283
185.50,0.8373
185.60,0.8281
185.70,0.8373
185.80,0.8360
185.90,0.8261
186.00,0.8445
186.10,0.8373
186.20,0.8280
186.30,0.8386
186.40,0.8280
186.50,0.8371
186.60,0.8373
186.70,0.8280
186.80,0.8362
186.90,0.8390
187.00,0.8285
187.10,0.8391
187.20,0.8251
187.30,0.8388
187.40,0.8391
187.50,0.8282
187.60,0.8380
187.70,0.8371
187.80,0.8280
187.90,0.8386
188.00,0.8280
188.10,0.8386
188.20,0.8391
188.30,0.8274
188.40,0.8391
188.50,0.8445
188.60,0.8264
188.70,0.8445
188.80,0.8384
188.90,0.8280
189.00,0.8391
189.10,0.8276
189.20,0.8445
189.30,0.8391
189.40,0.8282
189.50,0.8392
189.60,0.8392
189.70,0.8218
189.80,0.8394
189.90,0.8291
190.00,0.8392
190.10,0.8371
190.20,0.8280
190.30,0.8392
190.40,0.8394
190.50,0.8280
190.60,0.8390
190.70,0.8285
190.80,0.8393
190.90,0.8393
191.00,0.8282
191.10,0.8392
191.20,0.8394
191.30,0.8285
191.40,0.8394
191.50,0.8281
191.60,0.8394
191.70,0.8393
191.80,0.8284
191.90,0.8390
192.00,0.8394
192.10,0.8283
192.20,0.8397
192.30,0.8286
192.40,0.8388
192.50,0.8384
192.60,0.8290
192.70,0.8392
192.80,0.8391
192.90,0.8283
193.00,0.8393
193.10,0.8286
193.20,0.8392
193.30,0.8392
193.40,0.8284
193.50,0.8391
193.60,0.8394
193.70,0.8390
193.80,0.8393
193.90,0.8283
194.00,0.8394
194.10,0.8392
194.20,0.8279
194.30,0.8392
194.40,0.8393
194.50,0.8283
194.60,0.8391
194.70,0.8283
194.80,0.8395
194.90,0.8397
195.00,0.8233
195.10,0.8391
195.20,0.8396
195.30,0.8281
195.40,0.8382
195.50,0.8390
195.60,0.8394
195.70,0.8389
195.80,0.8283
195.90,0.8396
196.00,0.8395
196.10,0.8282
196.20,0.8382
196.30,0.8277
196.40,0.8392
196.50,0.8393
196.60,0.8284
196.70,0.8391
196.80,0.8384
196.90,0.8285
197.00,0.8391
197.10,0.8282
197.20,0.8382
197.30,0.8392
197.40,0.8282
197.50,0.8391
197.60,0.8391
197.70,0.8284
197.80,0.8369
197.90,0.8284
198.00,0.8384
198.10,0.8378
198.20,0.8282
198.30,0.8389
198.40,0.8391
198.50,0.8262
198.60,0.8382
198.70,0.8270
198.80,0.8389
198.90,0.8393
199.00,0.8220
199.10,0.8395
199.20,0.8393
199.30,0.8233
199.40,0.8361
199.50,0.8281
199.60,0.8389
199.70,0.8378
199.80,0.8260
199.90,0.8386
200.00,0.8386
200.10,0.8243
200.20,0.8392
200.30,0.8272
200.40,0.8365
200.50,0.8373
200.60,0.8390
200.70,0.8367
200.80,0.8382
200.90,0.8281
201.00,0.8384
201.10,0.8268
201.20,0.8445
201.30,0.8371
201.40,0.8272
201.50,0.8391
201.60,0.8384
201.70,0.8274
201.80,0.8382
201.90,0.8281
202.00,0.8445
202.10,0.8391
202.20,0.8266
202.30,0.8378
202.40,0.8445
202.50,0.8390
202.60,0.8392
202.70,0.8281
202.80,0.8394
202.90,0.8391
203.00,0.8281
203.10,0.8445
203.20,0.8395
203.30,0.8284
203.40,0.8391
203.50,0.8281
203.60,0.8395
203.70,0.8394
203.80,0.8284
203.90,0.8393
204.00,0.8395
204.10,0.8282
204.20,0.8392
204.30,0.8288
204.40,0.8386
204.50,0.8397
204.60,0.8288
204.70,0.8399
204.80,0.8393
204.90,0.8279
205.00,0.8394
205.10,0.8282
205.20,0.8396
205.30,0.8396
205.40,0.8285
205.50,0.8392
205.60,0.8352
205.70,0.8286
205.80,0.8399
205.90,0.8282
206.00,0.8445
206.10,0.8392
206.20,0.8284
206.30,0.8393
206.40,0.8395
206.50,0.8283
206.60,0.8396
206.70,0.8282
206.80,0.8393
206.90,0.8392
207.00,0.8287
207.10,0.8395
207.20,0.8392
207.30,0.8282
207.40,0.8446
207.50,0.8286
207.60,0.8395
207.70,0.8395
207.80,0.8282
207.90,0.8394
208.00,0.8376
208.10,0.8254
208.20,0.8395
208.30,0.8396
208.40,0.8267
208.50,0.8368
208.60,0.8243
208.70,0.8383
208.80,0.8393
208.90,0.8266
209.00,0.8383
209.10,0.8374
209.20,0.8277
209.30,0.8389
209.40,0.8281
209.50,0.8393
209.60,0.8355
209.70,0.8273
209.80,0.8392
209.90,0.8380
210.00,0.8260
210.10,0.8394
210.20,0.8284
210.30,0.8392
210.40,0.8397
210.50,0.8262
210.60,0.8310
210.70,0.8392
210.80,0.8283
210.90,0.8395
211.00,0.8284
211.10,0.8391
211.20,0.8396
211.30,0.8285
211.40,0.8392
211.50,0.8393
211.60,0.8282
211.70,0.8395
211.80,0.8285
211.90,0.8392
212.00,0.8393
212.10,0.8282
212.20,0.8394
212.30,0.8393
212.40,0.8391
212.50,0.8393
212.60,0.8282
212.70,0.8446
212.80,0.8381
212.90,0.8282
213.00,0.8392
213.10,0.8372
213.20,0.8282
213.30,0.8392
213.40,0.8271
213.50,0.8394
213.60,0.8391
213.70,0.8273
213.80,0.8383
213.90,0.8394
214.00,0.8279
214.10,0.8391
214.20,0.8391
214.30,0.8389
214.40,0.8361
214.50,0.8229
214.60,0.8321
214.70,0.8296
214.80,0.8206
214.90,0.8265
215.00,0.8188
215.10,0.8260
215.20,0.8293
215.30,0.8189
215.40,0.8316
215.50,0.8254
215.60,0.8183
215.70,0.8318
215.80,0.8167
215.90,0.8316
216.00,0.8291
216.10,0.8226
216.20,0.8283
216.30,0.8356
216.40,0.8195
216.50,0.8337
216.60,0.8230
216.70,0.8339
216.80,0.8345
216.90,0.8228
217.00,0.8329
217.10,0.8375
217.20,0.8241
217.30,0.8360
217.40,0.8251
217.50,0.8365
217.60,0.8365
217.70,0.8251
217.80,0.8371
217.90,0.8377
218.00,0.8268
218.10,0.8369
218.20,0.8276
218.30,0.8354
218.40,0.8371
218.50,0.8268
218.60,0.8384
218.70,0.8373
218.80,0.8257
218.90,0.8375
219.00,0.8270
219.10,0.8390
219.20,0.8367
219.30,0.8272
219.40,0.8377
219.50,0.8377
219.60,0.8276
219.70,0.8377
219.80,0.8261
219.90,0.8390
220.00,0.8386
220.10,0.8280
220.20,0.8382
220.30,0.8375
220.40,0.8281
220.50,0.8371
220.60,0.8276
220.70,0.8390
220.80,0.8445
220.90,0.8281
221.00,0.8445
221.10,0.8390
221.20,0.8278
221.30,0.8390
221.40,0.8281
221.50,0.8391
221.60,0.8392
221.70,0.8280
221.80,0.8392
221.90,0.8393
222.00,0.8282
222.10,0.8391
222.20,0.8274
222.30,0.8392
222.40,0.8391
222.50,0.8276
222.60,0.8391
222.70,0.8393
222.80,0.8282
222.90,0.8392
223.00,0.8281
223.10,0.8391
223.20,0.8391
223.30,0.8280
223.40,0.8394
223.50,0.8393
223.60,0.8281
223.70,0.8384
223.80,0.8274
223.90,0.8394
224.00,0.8393
224.10,0.8282
224.20,0.8391
224.30,0.8392
224.40,0.8281
224.50,0.8390
224.60,0.8285
224.70,0.8392
224.80,0.8386
224.90,0.8284
225.00,0.8391
225.10,0.8393
225.20,0.8282
225.30,0.8393
225.40,0.8285
225.50,0.8393
225.60,0.8394
225.70,0.8284
225.80,0.8394
225.90,0.8392
226.00,0.8282
226.10,0.8391
226.20,0.8285
226.30,0.8384
226.40,0.8388
226.50,0.8281
226.60,0.8394
226.70,0.8391
226.80,0.8390
226.90,0.8388
227.00,0.8392
227.10,0.8281
227.20,0.8445
227.30,0.8390
227.40,0.8382
227.50,0.8388
227.60,0.8280
227.70,0.8393
227.80,0.8390
227.90,0.8259
228.00,0.8382
228.10,0.8281
228.20,0.8382
228.30,0.8391
228.40,0.8270
228.50,0.8392
228.60,0.8390
228.70,0.8266
228.80,0.8373
228.90,0.8281
229.00,0.8391
229.10,0.8391
229.20,0.8274
229.30,0.8384
229.40,0.8386
229.50,0.8276
229.60,0.8388
229.70,0.8280
229.80,0.8384
229.90,0.8375
230.00,0.8276
230.10,0.8375
230.20,0.8390
230.30,0.8261
230.40,0.8382
230.50,0.8259
230.60,0.8390
230.70,0.8377
230.80,0.8280
230.90,0.8386
231.00,0.8384
231.10,0.8280
231.20,0.8393
231.30,0.8280
231.40,0.8390
231.50,0.8382
231.60,0.8390
231.70,0.8394
231.80,0.8397
231.90,0.8280
232.00,0.8386
232.10,0.8276
232.20,0.8390
232.30,0.8375
232.40,0.8281
232.50,0.8394
232.60,0.8391
232.70,0.8283
232.80,0.8391
232.90,0.8284
233.00,0.8391
233.10,0.8391
233.20,0.8282
233.30,0.8393
233.40,0.8445
233.50,0.8390
233.60,0.8445
233.70,0.8281
233.80,0.8380
233.90,0.8390
234.00,0.8276
234.10,0.8445
234.20,0.8390
234.30,0.8276
234.40,0.8391
234.50,0.8281
234.60,0.8377
234.70,0.8390
234.80,0.8390
234.90,0.8390
235.00,0.8391
235.10,0.8276
235.20,0.8390
235.30,0.8280
235.40,0.8386
235.50,0.8388
235.60,0.8272
235.70,0.8445
235.80,0.8393
235.90,0.8282
236.00,0.8333
236.10,0.8259
236.20,0.8391
236.30,0.8362
236.40,0.8268
236.50,0.8377
236.60,0.8391
236.70,0.8280
236.80,0.8373
236.90,0.8257
237.00,0.8386
237.10,0.8371
237.20,0.8282
237.30,0.8391
237.40,0.8390
237.50,0.8276
237.60,0.8373
237.70,0.8274
237.80,0.8393
237.90,0.8396
238.00,0.8280
238.10,0.8377
238.20,0.8365
238.30,0.8274
238.40,0.8384
238.50,0.8281
238.60,0.8391
238.70,0.8392
238.80,0.8390
238.90,0.8390
239.00,0.8391
239.10,0.8280
239.20,0.8380
239.30,0.8276
239.40,0.8391
239.50,0.8445
239.60,0.8283
239.70,0.8445
239.80,0.8360
239.90,0.8282
240.00,0.8393
240.10,0.8281
240.20,0.8362
240.30,0.8377
240.40,0.8274
240.50,0.8388
240.60,0.8380
240.70,0.8390
240.80,0.8367
240.90,0.8270
241.00,0.8391
241.10,0.8375
241.20,0.8280
241.30,0.8375
241.40,0.8384
241.50,0.8249
241.60,0.8369
241.70,0.8280
241.80,0.8371
241.90,0.8380
242.00,0.8280
242.10,0.8362
242.20,0.8345
242.30,0.8270
242.40,0.8391
242.50,0.8261
242.60,0.8371
242.70,0.8375
242.80,0.8243
242.90,0.8362
243.00,0.8318
243.10,0.8216
243.20,0.8287
243.30,0.8187
243.40,0.8299
243.50,0.8295
243.60,0.8189
243.70,0.8324
243.80,0.8320
243.90,0.8207
244.00,0.8320
244.10,0.8226
244.20,0.8335
244.30,0.8358
244.40,0.8236
244.50,0.8354
244.60,0.8371
244.70,0.8265
244.80,0.8356
244.90,0.8253
245.00,0.8364
245.10,0.8369
245.20,0.8257
245.30,0.8371
245.40,0.8373
245.50,0.8152
245.60,0.8352
245.70,0.8171
245.80,0.8377
245.90,0.8373
246.00,0.8125
246.10,0.8379
246.20,0.8309
246.30,0.8097
246.40,0.8311
246.50,0.8332
246.60,0.8091
246.70,0.8307
246.80,0.8079
246.90,0.8307
247.00,0.8309
247.10,0.8077
247.20,0.8205
247.30,0.8193
247.40,0.8071
247.50,0.8191
247.60,0.8083
247.70,0.8189
247.80,0.8185
247.90,0.7967
248.00,0.8195
248.10,0.8201
248.20,0.7976
248.30,0.8191
248.40,0.7963
248.50,0.8189
248.60,0.8187
248.70,0.7957
248.80,0.8172
248.90,0.8174
249.00,0.7836
249.10,0.8172
249.20,0.7834
249.30,0.8063
249.40,0.8059
249.50,0.7734
249.60,0.8053
249.70,0.8045
249.80,0.7625
249.90,0.7938
250.00,0.7513
250.10,0.7934
250.20,0.7845
250.30,0.7300
250.40,0.7821
250.50,0.7727
250.60,0.6975
250.70,0.7621
250.80,0.6555
250.90,0.7437
251.00,0.7339
251.10,0.6043
251.20,0.7254
251.30,0.7290
251.40,0.6101
251.50,0.7534
251.60,0.6895
251.70,0.7760
251.80,0.7870
251.90,0.7436
252.00,0.7977
252.10,0.8085
252.20,0.7651
252.30,0.8084
252.40,0.7755
252.50,0.8188
252.60,0.8190
252.70,0.7859
252.80,0.8182
252.90,0.8181
253.00,0.7961
253.10,0.8178
253.20,0.7960
253.30,0.8172
253.40,0.8175
253.50,0.7954
253.60,0.8285
253.70,0.8285
253.80,0.7952
253.90,0.8286
254.00,0.7957
254.10,0.8283
254.20,0.8287
254.30,0.7959
254.40,0.8287
254.50,0.8288
254.60,0.8069
254.70,0.8293
254.80,0.8071
254.90,0.8292
255.00,0.8293
255.10,0.8076
255.20,0.8294
255.30,0.8294
255.40,0.8076
255.50,0.8298
255.60,0.8187
255.70,0.8292
255.80,0.8296
255.90,0.8183
256.00,0.8296
256.10,0.8295
256.20,0.8187
256.30,0.8404
256.40,0.8187
256.50,0.8407
256.60,0.8408
256.70,0.8191
256.80,0.8405
256.90,0.8408
257.00,0.8296
257.10,0.8407
257.20,0.8293
257.30,0.8404
257.40,0.8406
257.50,0.8294
257.60,0.8402
257.70,0.8399
257.80,0.8293
257.90,0.8400
258.00,0.8289
258.10,0.8397
258.20,0.8394
258.30,0.8286
258.40,0.8396
258.50,0.8400
258.60,0.8293
258.70,0.8405
258.80,0.8298
258.90,0.8406
259.00,0.8407
259.10,0.8298
259.20,0.8409
259.30,0.8407
259.40,0.8299
259.50,0.8406
259.60,0.8300
259.70,0.8405
259.80,0.8408
259.90,0.8300
260.00,0.8407
260.10,0.8403
260.20,0.8295
260.30,0.8406
260.40,0.8296
260.50,0.8405
260.60,0.8404
260.70,0.8293
260.80,0.8399
260.90,0.8400
261.00,0.8288
261.10,0.8396
261.20,0.8287
261.30,0.8396
261.40,0.8394
261.50,0.8394
261.60,0.8393
261.70,0.8395
261.80,0.8393
261.90,0.8392
262.00,0.8395
262.10,0.8393
262.20,0.8383
262.30,0.8392
262.40,0.8387
262.50,0.8395
262.60,0.8393
262.70,0.8389
262.80,0.8393
262.90,0.8446
263.00,0.8392
263.10,0.8393
263.20,0.8372
263.30,0.8392
263.40,0.8397
263.50,0.8364
263.60,0.8392
263.70,0.8392
263.80,0.8393
263.90,0.8389
264.00,0.8387
264.10,0.8389
264.20,0.8393
264.30,0.8376
264.40,0.8392
264.50,0.8364
264.60,0.8379
264.70,0.8391
264.80,0.8361
264.90,0.8392
265.00,0.8372
265.10,0.8393
265.20,0.8366
265.30,0.8392
265.40,0.8387
265.50,0.8391
265.60,0.8383
265.70,0.8393
265.80,0.8392
265.90,0.8392
266.00,0.8391
266.10,0.8392
266.20,0.8393
266.30,0.8392
266.40,0.8392
266.50,0.8394
266.60,0.8446
266.70,0.8392
266.80,0.8392
266.90,0.8385
267.00,0.8393
267.10,0.8383
267.20,0.8387
267.30,0.8391
267.40,0.8383
267.50,0.8364
267.60,0.8368
267.70,0.8353
267.80,0.8368
267.90,0.8366
268.00,0.8372
268.10,0.8363
268.20,0.8252
268.30,0.8381
268.40,0.8378
268.50,0.8258
268.60,0.8446
268.70,0.8271
268.80,0.8387
268.90,0.8370
269.00,0.8279
269.10,0.8391
269.20,0.8383
269.30,0.8281
269.40,0.8391
269.50,0.8282
269.60,0.8446
269.70,0.8389
269.80,0.8283
269.90,0.8503
270.00,0.8505
270.10,0.8503
270.20,0.8395
270.30,0.8506
270.40,0.8510
270.50,0.8507
270.60,0.8510
270.70,0.8511
270.80,0.8399
270.90,0.8510
271.00,0.8507
271.10,0.8510
271.20,0.8508
271.30,0.8505
271.40,0.8397
271.50,0.8504
271.60,0.8504
271.70,0.8505
271.80,0.8503
271.90,0.8503
272.00,0.8393
272.10,0.8487
272.20,0.8502
272.30,0.8504
272.40,0.8502
272.50,0.8502
272.60,0.8393
272.70,0.8502
272.80,0.8503
272.90,0.8502
273.00,0.8498
273.10,0.8502
273.20,0.8392
273.30,0.8498
273.40,0.8498
273.50,0.8503
273.60,0.8503
273.70,0.8498
273.80,0.8392
273.90,0.8502
274.00,0.8502
274.10,0.8501
274.20,0.8495
274.30,0.8502
274.40,0.8392
274.50,0.8502
274.60,0.8504
274.70,0.8501
274.80,0.8500
274.90,0.8501
275.00,0.8392
275.10,0.8502
275.20,0.8502
275.30,0.8498
275.40,0.8502
275.50,0.8503
275.60,0.8388
275.70,0.8495
275.80,0.8503
275.90,0.8502
276.00,0.8502
276.10,0.8502
276.20,0.8381
276.30,0.8502
276.40,0.8502
276.50,0.8489
276.60,0.8495
276.70,0.8476
276.80,0.8332
276.90,0.8426
277.00,0.8447
277.10,0.8400
277.20,0.8411
277.30,0.8402
277.40,0.8286
277.50,0.8393
277.60,0.8404
277.70,0.8408
277.80,0.8412
277.90,0.8404
278.00,0.8317
278.10,0.8419
278.20,0.8410
278.30,0.8429
278.40,0.8433
278.50,0.8425
278.60,0.8421
278.70,0.8340
278.80,0.8446
278.90,0.8440
279.00,0.8461
279.10,0.8459
279.20,0.8470
279.30,0.8373
279.40,0.8477
279.50,0.8477
279.60,0.8494
279.70,0.8490
279.80,0.8483
279.90,0.8382
280.00,0.8494
280.10,0.8496
280.20,0.8500
280.30,0.8494
280.40,0.8500
280.50,0.8382
280.60,0.8501
280.70,0.8481
280.80,0.8496
280.90,0.8498
281.00,0.8492
281.10,0.8388
281.20,0.8485
281.30,0.8494
281.40,0.8498
281.50,0.8496
281.60,0.8490
281.70,0.8391
281.80,0.8494
281.90,0.8501
282.00,0.8494
282.10,0.8501
282.20,0.8494
282.30,0.8384
282.40,0.8498
282.50,0.8487
282.60,0.8500
282.70,0.8492
282.80,0.8496
282.90,0.8388
283.00,0.8481
283.10,0.8472
283.20,0.8442
283.30,0.8416
283.40,0.8388
283.50,0.8254
283.60,0.8338
283.70,0.8328
283.80,0.8324
283.90,0.8301
284.00,0.8319
284.10,0.8197
284.20,0.8313
284.30,0.8311
284.40,0.8303
284.50,0.8315
284.60,0.8303
284.70,0.8209
284.80,0.8293
284.90,0.8311
285.00,0.8319
285.10,0.8297
285.20,0.8315
285.30,0.8120
285.40,0.8297
285.50,0.8327
285.60,0.8352
285.70,0.8348
285.80,0.8390
285.90,0.8162
286.00,0.8405
286.10,0.8384
286.20,0.8373
286.30,0.8382
286.40,0.8407
286.50,0.8187
286.60,0.8422
286.70,0.8428
286.80,0.8433
286.90,0.8454
287.00,0.8467
287.10,0.8154
287.20,0.8491
287.30,0.8500
287.40,0.8503
287.50,0.8505
287.60,0.8506
287.70,0.8291
287.80,0.8510
287.90,0.8510
288.00,0.8511
288.10,0.8511
288.20,0.8512
288.30,0.8292
288.40,0.8508
288.50,0.8509
288.60,0.8509
288.70,0.8506
288.80,0.8507
288.90,0.8508
289.00,0.8285
289.10,0.8503
289.20,0.8503
289.30,0.8502
289.40,0.8501
289.50,0.8502
289.60,0.8280
289.70,0.8501
289.80,0.8500
289.90,0.8501
290.00,0.8501
290.10,0.8503
290.20,0.8284
290.30,0.8507
290.40,0.8507
290.50,0.8509
290.60,0.8509
290.70,0.8510
290.80,0.8291
290.90,0.8510
291.00,0.8511
291.10,0.8509
291.20,0.8511
291.30,0.8511
291.40,0.8402
291.50,0.8514
291.60,0.8514
291.70,0.8514
291.80,0.8517
291.90,0.8516
292.00,0.8408
292.10,0.8518
292.20,0.8516
292.30,0.8517
292.40,0.8518
292.50,0.8516
292.60,0.8407
292.70,0.8516
292.80,0.8517
292.90,0.8517
293.00,0.8516
293.10,0.8517
293.20,0.8409
293.30,0.8517
293.40,0.8517
293.50,0.8520
293.60,0.8518
293.70,0.8516
293.80,0.8410
293.90,0.8517
294.00,0.8517
294.10,0.8518
294.20,0.8517
294.30,0.8518
294.40,0.8406
294.50,0.8518
294.60,0.8518
294.70,0.8515
294.80,0.8516
294.90,0.8515
295.00,0.8406
295.10,0.8510
295.20,0.8511
295.30,0.8511
295.40,0.8507
295.50,0.8509
295.60,0.8401
295.70,0.8507
295.80,0.8508
295.90,0.8509
296.00,0.8510
296.10,0.8506
296.20,0.8400
296.30,0.8508
296.40,0.8508
296.50,0.8509
296.60,0.8509
296.70,0.8509
296.80,0.8399
296.90,0.8508
297.00,0.8509
297.10,0.8507
297.20,0.8508
297.30,0.8509
297.40,0.8397
297.50,0.8507
297.60,0.8508
297.70,0.8508
297.80,0.8509
297.90,0.8509
298.00,0.8400
298.10,0.8507
298.20,0.8507
298.30,0.8509
298.40,0.8507
298.50,0.8507
298.60,0.8399
298.70,0.8508
298.80,0.8506
298.90,0.8505
299.00,0.8506
299.10,0.8506
299.20,0.8505
299.30,0.8390
299.40,0.8506
299.50,0.8506
299.60,0.8493
299.70,0.8505
299.80,0.8505
299.90,0.8447
300.00,0.8502
300.10,0.8506
300.20,0.8502
300.30,0.8504
300.40,0.8502
300.50,0.8395
300.60,0.8502
300.70,0.8505
300.80,0.8504
300.90,0.8504
301.00,0.8502
301.10,0.8383
301.20,0.8504
301.30,0.8497
301.40,0.8497
301.50,0.8499
301.60,0.8502
301.70,0.8395
301.80,0.8491
301.90,0.8504
302.00,0.8504
302.10,0.8491
302.20,0.8491
302.30,0.8377
302.40,0.8504
302.50,0.8491
302.60,0.8493
302.70,0.8495
302.80,0.8499
302.90,0.8370
303.00,0.8484
303.10,0.8499
303.20,0.8484
303.30,0.8475
303.40,0.8482
303.50,0.8372
303.60,0.8490
303.70,0.8468
303.80,0.8494
303.90,0.8503
304.00,0.8481
304.10,0.8366
304.20,0.8492
304.30,0.8483
304.40,0.8477
304.50,0.8501
304.60,0.8503
304.70,0.8370
304.80,0.8503
304.90,0.8503
305.00,0.8488
305.10,0.8481
305.20,0.8504
305.30,0.8393
305.40,0.8490
305.50,0.8503
305.60,0.8503
305.70,0.8492
305.80,0.8503
305.90,0.8395
306.00,0.8501
306.10,0.8501
306.20,0.8504
306.30,0.8505
306.40,0.8494
306.50,0.8394
306.60,0.8505
306.70,0.8502
306.80,0.8504
306.90,0.8505
307.00,0.8505
307.10,0.8447
307.20,0.8506
307.30,0.8507
307.40,0.8504
307.50,0.8505
307.60,0.8506
307.70,0.8397
307.80,0.8503
307.90,0.8506
308.00,0.8506
308.10,0.8504
308.20,0.8506
308.30,0.8395
308.40,0.8505
308.50,0.8504
308.60,0.8505
308.70,0.8505
308.80,0.8504
308.90,0.8392
309.00,0.8504
309.10,0.8504
309.20,0.8501
309.30,0.8495
309.40,0.8497
309.50,0.8379
309.60,0.8464
309.70,0.8492
309.80,0.8484
309.90,0.8475
310.00,0.8486
310.10,0.8488
310.20,0.8368
310.30,0.8475
310.40,0.8503
310.50,0.8486
310.60,0.8473
310.70,0.8494
310.80,0.8389
310.90,0.8479
311.00,0.8481
311.10,0.8503
311.20,0.8492
311.30,0.8466
311.40,0.8370
311.50,0.8501
311.60,0.8479
311.70,0.8485
311.80,0.8490
311.90,0.8474
312.00,0.8363
312.10,0.8492
312.20,0.8485
312.30,0.8485
312.40,0.8459
312.50,0.8503
312.60,0.8371
312.70,0.8494
312.80,0.8487
312.90,0.8465
313.00,0.8478
313.10,0.8496
313.20,0.8363
313.30,0.8487
313.40,0.8487
313.50,0.8467
313.60,0.8469
313.70,0.8500
313.80,0.8352
313.90,0.8458
314.00,0.8469
314.10,0.8456
314.20,0.8448
314.30,0.8469
314.40,0.8324
314.50,0.8409
314.60,0.8424
314.70,0.8411
314.80,0.8419
314.90,0.8426
315.00,0.8298
315.10,0.8425
315.20,0.8415
315.30,0.8430
315.40,0.8410
315.50,0.8419
315.60,0.8336
315.70,0.8427
315.80,0.8402
315.90,0.8427
316.00,0.8408
316.10,0.8399
316.20,0.8293
316.30,0.8401
316.40,0.8403
316.50,0.8384
316.60,0.8395
316.70,0.8393
316.80,0.8304
316.90,0.8384
317.00,0.8407
317.10,0.8401
317.20,0.8395
317.30,0.8412
317.40,0.8276
317.50,0.8388
317.60,0.8409
317.70,0.8390
317.80,0.8390
317.90,0.8407
318.00,0.8280
318.10,0.8392
318.20,0.8378
318.30,0.8394
318.40,0.8373
318.50,0.8382
318.60,0.8289
318.70,0.8397
318.80,0.8388
318.90,0.8373
319.00,0.8380
319.10,0.8390
319.20,0.8272
319.30,0.8380
319.40,0.8390
319.50,0.8384
319.60,0.8380
319.70,0.8377
319.80,0.8278
319.90,0.8388
320.00,0.8375
320.10,0.8375
320.20,0.8377
320.30,0.8394
320.40,0.8369
320.50,0.8152
320.60,0.8382
320.70,0.8361
320.80,0.8377
320.90,0.8371
321.00,0.8369
321.10,0.8148
321.20,0.8363
321.30,0.8363
321.40,0.8352
321.50,0.8396
321.60,0.8373
321.70,0.8075
321.80,0.8394
321.90,0.8411
322.00,0.8403
322.10,0.8407
322.20,0.8401
322.30,0.8097
322.40,0.8433
322.50,0.8452
322.60,0.8465
322.70,0.8472
322.80,0.8489
322.90,0.8160
323.00,0.8487
323.10,0.8493
323.20,0.8500
323.30,0.8502
323.40,0.8504
323.50,0.8178
323.60,0.8509
323.70,0.8510
323.80,0.8510
323.90,0.8511
324.00,0.8510
324.10,0.8182
324.20,0.8507
324.30,0.8505
324.40,0.8504
324.50,0.8502
324.60,0.8500
324.70,0.8168
324.80,0.8482
324.90,0.8450
325.00,0.8459
325.10,0.8439
325.20,0.8416
325.30,0.8095
325.40,0.8428
325.50,0.8441
325.60,0.8452
325.70,0.8448
325.80,0.8450
325.90,0.8113
326.00,0.8439
326.10,0.8424
326.20,0.8411
326.30,0.8392
326.40,0.8392
326.50,0.7955
326.60,0.8403
326.70,0.8420
326.80,0.8439
326.90,0.8439
327.00,0.8437
327.10,0.7788
327.20,0.8452
327.30,0.8456
327.40,0.8465
327.50,0.8482
327.60,0.8485
327.70,0.7721
327.80,0.8502
327.90,0.8512
328.00,0.8517
328.10,0.8518
328.20,0.8519
328.30,0.8087
328.40,0.8518
328.50,0.8518
328.60,0.8516
328.70,0.8517
328.80,0.8516
328.90,0.8188
329.00,0.8514
329.10,0.8515
329.20,0.8512
329.30,0.8515
329.40,0.8514
329.50,0.8292
329.60,0.8511
329.70,0.8514
329.80,0.8514
329.90,0.8512
330.00,0.8515
330.10,0.8299
330.20,0.8516
330.30,0.8516
330.40,0.8517
330.50,0.8517
330.60,0.8515
330.70,0.8517
330.80,0.8298
330.90,0.8516
331.00,0.8515
331.10,0.8513
331.20,0.8510
331.30,0.8507
331.40,0.8397
331.50,0.8506
331.60,0.8505
331.70,0.8504
331.80,0.8505
331.90,0.8504
332.00,0.8398
332.10,0.8506
332.20,0.8507
332.30,0.8509
332.40,0.8509
332.50,0.8510
332.60,0.8399
332.70,0.8507
332.80,0.8505
332.90,0.8502
333.00,0.8502
333.10,0.8503
333.20,0.8390
333.30,0.8501
333.40,0.8500
333.50,0.8498
333.60,0.8500
333.70,0.8494
333.80,0.8390
333.90,0.8496
334.00,0.8494
334.10,0.8501
334.20,0.8483
334.30,0.8483
334.40,0.8390
334.50,0.8485
334.60,0.8489
334.70,0.8489
334.80,0.8496
334.90,0.8500
335.00,0.8388
335.10,0.8500
335.20,0.8500
335.30,0.8501
335.40,0.8501
335.50,0.8501
335.60,0.8391
335.70,0.8501
335.80,0.8501
335.90,0.8503
336.00,0.8501
336.10,0.8502
336.20,0.8392
336.30,0.8502
336.40,0.8501
336.50,0.8501
336.60,0.8500
336.70,0.8502
336.80,0.8390
336.90,0.8500
337.00,0.8501
337.10,0.8501
337.20,0.8500
337.30,0.8501
337.40,0.8391
337.50,0.8501
337.60,0.8505
337.70,0.8502
337.80,0.8504
337.90,0.8505
338.00,0.8395
338.10,0.8505
338.20,0.8505
338.30,0.8506
338.40,0.8507
338.50,0.8504
338.60,0.8397
338.70,0.8507
338.80,0.8505
338.90,0.8507
339.00,0.8507
339.10,0.8508
339.20,0.8396
339.30,0.8508
339.40,0.8507
339.50,0.8509
339.60,0.8506
339.70,0.8508
339.80,0.8396
339.90,0.8507
340.00,0.8508
340.10,0.8504
340.20,0.8505
340.30,0.8506
340.40,0.8397
340.50,0.8506
340.60,0.8507
340.70,0.8505
340.80,0.8507
340.90,0.8508
341.00,0.8399
341.10,0.8508
341.20,0.8510
341.30,0.8507
341.40,0.8508
341.50,0.8510
341.60,0.8511
341.70,0.8400
341.80,0.8507
341.90,0.8505
342.00,0.8504
342.10,0.8503
342.20,0.8492
342.30,0.8393
342.40,0.8501
342.50,0.8501
342.60,0.8501
342.70,0.8498
342.80,0.8496
342.90,0.8380
343.00,0.8492
343.10,0.8501
343.20,0.8501
343.30,0.8494
343.40,0.8494
343.50,0.8388
343.60,0.8490
343.70,0.8498
343.80,0.8501
343.90,0.8501
344.00,0.8501
344.10,0.8382
344.20,0.8492
344.30,0.8500
344.40,0.8487
344.50,0.8501
344.60,0.8502
344.70,0.8378
344.80,0.8505
344.90,0.8508
345.00,0.8508
345.10,0.8509
345.20,0.8508
345.30,0.8400
345.40,0.8511
345.50,0.8511
345.60,0.8508
345.70,0.8508
345.80,0.8506
345.90,0.8393
346.00,0.8503
346.10,0.8502
346.20,0.8503
346.30,0.8501
346.40,0.8500
346.50,0.8391
346.60,0.8475
346.70,0.8500
346.80,0.8483
346.90,0.8501
347.00,0.8499
347.10,0.8391
347.20,0.8501
347.30,0.8464
347.40,0.8501
347.50,0.8501
347.60,0.8490
347.70,0.8382
347.80,0.8475
347.90,0.8501
348.00,0.8481
348.10,0.8499
348.20,0.8488
348.30,0.8387
348.40,0.8502
348.50,0.8501
348.60,0.8501
348.70,0.8499
348.80,0.8501
348.90,0.8389
349.00,0.8499
349.10,0.8501
349.20,0.8496
349.30,0.8499
349.40,0.8501
349.50,0.8391
349.60,0.8477
349.70,0.8479
349.80,0.8490
349.90,0.8470
350.00,0.8490
350.10,0.8350
350.20,0.8472
350.30,0.8472
350.40,0.8479
350.50,0.8477
350.60,0.8470
350.70,0.8374
350.80,0.8483
350.90,0.8498
351.00,0.8472
351.10,0.8496
351.20,0.8490
351.30,0.8378
351.40,0.8500
351.50,0.8496
351.60,0.8502
351.70,0.8483
351.80,0.8501
351.90,0.8492
352.00,0.8386
352.10,0.8498
352.20,0.8501
352.30,0.8498
352.40,0.8501
352.50,0.8502
352.60,0.8392
352.70,0.8502
352.80,0.8498
352.90,0.8501
353.00,0.8500
353.10,0.8503
353.20,0.8445
353.30,0.8502
353.40,0.8502
353.50,0.8504
353.60,0.8505
353.70,0.8502
353.80,0.8394
353.90,0.8503
354.00,0.8504
354.10,0.8504
354.20,0.8505
354.30,0.8504
354.40,0.8395
354.50,0.8504
354.60,0.8505
354.70,0.8507
354.80,0.8505
354.90,0.8505
355.00,0.8395
355.10,0.8505
355.20,0.8506
355.30,0.8504
355.40,0.8505
355.50,0.8505
355.60,0.8396
355.70,0.8505
355.80,0.8504
355.90,0.8506
356.00,0.8505
356.10,0.8503
356.20,0.8393
356.30,0.8502
356.40,0.8504
356.50,0.8502
356.60,0.8501
356.70,0.8502
356.80,0.8374
356.90,0.8502
357.00,0.8502
357.10,0.8486
357.20,0.8501
357.30,0.8495
357.40,0.8378
357.50,0.8501
357.60,0.8492
357.70,0.8501
357.80,0.8497
357.90,0.8502
358.00,0.8392
358.10,0.8492
358.20,0.8502
358.30,0.8502
358.40,0.8501
358.50,0.8503
358.60,0.8446
358.70,0.8501
358.80,0.8503
358.90,0.8503
359.00,0.8503
359.10,0.8502
359.20,0.8393
359.30,0.8503
359.40,0.8502
359.50,0.8504
359.60,0.8503
359.70,0.8504
359.80,0.8395
359.90,0.8503
360.00,0.8504
360.10,0.8501
360.20,0.8502
360.30,0.8503
360.40,0.8391
360.50,0.8504
360.60,0.8502
360.70,0.8495
360.80,0.8502
360.90,0.8499
361.00,0.8385
361.10,0.8502
361.20,0.8490
361.30,0.8497
361.40,0.8501
361.50,0.8499
361.60,0.8389
361.70,0.8495
361.80,0.8479
361.90,0.8497
362.00,0.8497
362.10,0.8497
362.20,0.8389
362.30,0.8497
362.40,0.8503
362.50,0.8488
362.60,0.8502
362.70,0.8502
362.80,0.8501
362.90,0.8393
363.00,0.8503
363.10,0.8502
363.20,0.8502
363.30,0.8503
363.40,0.8504
363.50,0.8397
363.60,0.8505
363.70,0.8504
363.80,0.8505
363.90,0.8505
364.00,0.8506
364.10,0.8395
364.20,0.8506
364.30,0.8506
364.40,0.8506
364.50,0.8506
364.60,0.8506
364.70,0.8397
364.80,0.8508
364.90,0.8506
365.00,0.8505
365.10,0.8507
365.20,0.8506
365.30,0.8395
365.40,0.8506
365.50,0.8507
365.60,0.8505
365.70,0.8505
365.80,0.8506
365.90,0.8394
366.00,0.8503
366.10,0.8504
366.20,0.8503
366.30,0.8503
366.40,0.8501
366.50,0.8377
366.60,0.8498
366.70,0.8498
366.80,0.8493
366.90,0.8487
367.00,0.8502
367.10,0.8356
367.20,0.8476
367.30,0.8480
367.40,0.8461
367.50,0.8476
367.60,0.8482
367.70,0.8358
367.80,0.8480
367.90,0.8502
368.00,0.8469
368.10,0.8478
368.20,0.8487
368.30,0.8368
368.40,0.8478
368.50,0.8495
368.60,0.8484
368.70,0.8486
368.80,0.8491
368.90,0.8373
369.00,0.8495
369.10,0.8473
369.20,0.8482
369.30,0.8488
369.40,0.8471
369.50,0.8392
369.60,0.8497
369.70,0.8486
369.80,0.8480
369.90,0.8499
370.00,0.8484
370.10,0.8390
370.20,0.8491
370.30,0.8495
370.40,0.8488
370.50,0.8486
370.60,0.8493
370.70,0.8387
370.80,0.8473
370.90,0.8503
371.00,0.8473
371.10,0.8486
371.20,0.8501
371.30,0.8372
371.40,0.8499
371.50,0.8484
371.60,0.8486
371.70,0.8493
371.80,0.8501
371.90,0.8366
372.00,0.8486
372.10,0.8482
372.20,0.8499
372.30,0.8501
372.40,0.8473
372.50,0.8391
372.60,0.8490
372.70,0.8492
372.80,0.8495
372.90,0.8479
373.00,0.8492
373.10,0.8499
373.20,0.8372
373.30,0.8497
373.40,0.8490
373.50,0.8495
373.60,0.8499
373.70,0.8479
373.80,0.8391
373.90,0.8484
374.00,0.8495
374.10,0.8497
374.20,0.8481
374.30,0.8486
374.40,0.8363
374.50,0.8495
374.60,0.8502
374.70,0.8490
374.80,0.8499
374.90,0.8479
375.00,0.8380
375.10,0.8501
375.20,0.8484
375.30,0.8501
375.40,0.8484
375.50,0.8488
375.60,0.8383
375.70,0.8492
375.80,0.8499
375.90,0.8488
376.00,0.8488
376.10,0.8499
376.20,0.8376
376.30,0.8501
376.40,0.8470
376.50,0.8497
376.60,0.8494
376.70,0.8486
376.80,0.8391
376.90,0.8481
377.00,0.8492
377.10,0.8477
377.20,0.8457
377.30,0.8488
377.40,0.8365
377.50,0.8477
377.60,0.8466
377.70,0.8488
377.80,0.8477
377.90,0.8479
378.00,0.8380
378.10,0.8492
378.20,0.8501
378.30,0.8453
378.40,0.8490
378.50,0.8488
378.60,0.8384
378.70,0.8494
378.80,0.8494
378.90,0.8501
379.00,0.8485
379.10,0.8499
379.20,0.8391
379.30,0.8501
379.40,0.8501
379.50,0.8500
379.60,0.8502
379.70,0.8502
379.80,0.8395
379.90,0.8503
380.00,0.8505
380.10,0.8505
380.20,0.8505
380.30,0.8507
380.40,0.8397
380.50,0.8507
380.60,0.8506
380.70,0.8507
380.80,0.8507
380.90,0.8506
381.00,0.8399
381.10,0.8506
381.20,0.8507
381.30,0.8507
381.40,0.8506
381.50,0.8507
381.60,0.8396
381.70,0.8508
381.80,0.8507
381.90,0.8507
382.00,0.8508
382.10,0.8506
382.20,0.8397
382.30,0.8507
382.40,0.8505
382.50,0.8508
382.60,0.8505
382.70,0.8505
382.80,0.8396
382.90,0.8504
383.00,0.8505
383.10,0.8507
383.20,0.8505
383.30,0.8503
383.40,0.8504
383.50,0.8396
383.60,0.8506
383.70,0.8505
383.80,0.8504
383.90,0.8504
384.00,0.8505
384.10,0.8395
384.20,0.8505
384.30,0.8505
384.40,0.8504
384.50,0.8506
384.60,0.8507
384.70,0.8398
384.80,0.8508
384.90,0.8509
385.00,0.8507
385.10,0.8508
385.20,0.8511
385.30,0.8398
385.40,0.8505
385.50,0.8509
385.60,0.8510
385.70,0.8510
385.80,0.8510
385.90,0.8400
386.00,0.8505
386.10,0.8508
386.20,0.8508
386.30,0.8506
386.40,0.8503
386.50,0.8389
386.60,0.8506
386.70,0.8505
386.80,0.8492
386.90,0.8503
387.00,0.8504
387.10,0.8383
387.20,0.8497
387.30,0.8504
387.40,0.8501
387.50,0.8475
387.60,0.8503
387.70,0.8389
387.80,0.8499
387.90,0.8481
388.00,0.8488
388.10,0.8494
388.20,0.8477
388.30,0.8383
388.40,0.8486
388.50,0.8497
388.60,0.8477
388.70,0.8492
388.80,0.8483
388.90,0.8374
389.00,0.8470
389.10,0.8503
389.20,0.8470
389.30,0.8481
389.40,0.8479
389.50,0.8357
389.60,0.8481
389.70,0.8472
389.80,0.8481
389.90,0.8474
390.00,0.8463
390.10,0.8376
390.20,0.8487
390.30,0.8474
390.40,0.8480
390.50,0.8470
390.60,0.8478
390.70,0.8373
390.80,0.8472
390.90,0.8474
391.00,0.8487
391.10,0.8482
391.20,0.8461
391.30,0.8390
391.40,0.8485
391.50,0.8478
391.60,0.8502
391.70,0.8487
391.80,0.8495
391.90,0.8388
392.00,0.8480
392.10,0.8495
392.20,0.8503
392.30,0.8491
392.40,0.8502
392.50,0.8392
392.60,0.8471
392.70,0.8501
392.80,0.8493
392.90,0.8482
393.00,0.8493
393.10,0.8390
393.20,0.8487
393.30,0.8501
393.40,0.8493
393.50,0.8495
393.60,0.8503
393.70,0.8394
393.80,0.8501
393.90,0.8505
394.00,0.8503
394.10,0.8503
394.20,0.8505
394.30,0.8506
394.40,0.8395
394.50,0.8506
394.60,0.8505
394.70,0.8505
394.80,0.8507
394.90,0.8505
395.00,0.8396
395.10,0.8507
395.20,0.8506
395.30,0.8507
395.40,0.8508
395.50,0.8507
395.60,0.8397
395.70,0.8507
395.80,0.8507
395.90,0.8506
396.00,0.8508
396.10,0.8507
396.20,0.8397
396.30,0.8508
396.40,0.8508
396.50,0.8507
396.60,0.8508
396.70,0.8508
396.80,0.8398
396.90,0.8507
397.00,0.8508
397.10,0.8507
397.20,0.8508
397.30,0.8507
397.40,0.8398
397.50,0.8506
397.60,0.8504
397.70,0.8504
397.80,0.8505
397.90,0.8505
398.00,0.8385
398.10,0.8504
398.20,0.8504
398.30,0.8504
398.40,0.8491
398.50,0.8499
398.60,0.8394
398.70,0.8486
398.80,0.8504
398.90,0.8497
399.00,0.8504
399.10,0.8484
399.20,0.8377
399.30,0.8499
399.40,0.8484
399.50,0.8466
399.60,0.8492
399.70,0.8484
399.80,0.8370
399.90,0.8479
400.00,0.8499
